"Project","n_samples","cg00996469_mean","cg00996469_sd","cg00996469_median","cg00996469_na_count","cg09931909_mean","cg09931909_sd","cg09931909_median","cg09931909_na_count","cg16353624_mean","cg16353624_sd","cg16353624_median","cg16353624_na_count","cg08905652_mean","cg08905652_sd","cg08905652_median","cg08905652_na_count","cg16390139_mean","cg16390139_sd","cg16390139_median","cg16390139_na_count","cg27279904_mean","cg27279904_sd","cg27279904_median","cg27279904_na_count","cg00463577_mean","cg00463577_sd","cg00463577_median","cg00463577_na_count","cg04232128_mean","cg04232128_sd","cg04232128_median","cg04232128_na_count","cg03317505_mean","cg03317505_sd","cg03317505_median","cg03317505_na_count","cg04560810_mean","cg04560810_sd","cg04560810_median","cg04560810_na_count","cg14655316_mean","cg14655316_sd","cg14655316_median","cg14655316_na_count","cg16532438_mean","cg16532438_sd","cg16532438_median","cg16532438_na_count","n_samples_mean","n_samples_sd","n_samples_median","n_samples_na_count"
"TCGA-COAD",1,0.876393509962241,NA,0.876393509962241,0,NA,NA,NA,1,0.333997803152525,NA,0.333997803152525,0,0.299365093924401,NA,0.299365093924401,0,0.455445211498991,NA,0.455445211498991,0,0.420198890819733,NA,0.420198890819733,0,0.473330203825614,NA,0.473330203825614,0,0.592146264561736,NA,0.592146264561736,0,0.0648685343960889,NA,0.0648685343960889,0,0.0134053364976617,NA,0.0134053364976617,0,NA,NA,NA,1,0.0469593388179648,NA,0.0469593388179648,0,1,NA,1,0
"TCGA-LUAD",1,0.94661172346686,NA,0.94661172346686,0,0.891361694571762,NA,0.891361694571762,0,0.357853920082308,NA,0.357853920082308,0,0.0691343213225497,NA,0.0691343213225497,0,0.0512609318518123,NA,0.0512609318518123,0,0.0151796066744655,NA,0.0151796066744655,0,0.0535707779369036,NA,0.0535707779369036,0,0.499412912264472,NA,0.499412912264472,0,0.0712412562908719,NA,0.0712412562908719,0,0.0181157946914326,NA,0.0181157946914326,0,NA,NA,NA,1,0.0809811551927492,NA,0.0809811551927492,0,1,NA,1,0
"TCGA-PRAD",1,0.907402442052029,NA,0.907402442052029,0,0.849197931707355,NA,0.849197931707355,0,0.584535492061607,NA,0.584535492061607,0,0.36528029653652,NA,0.36528029653652,0,0.603744432078089,NA,0.603744432078089,0,0.0262049001300079,NA,0.0262049001300079,0,0.284700765020348,NA,0.284700765020348,0,0.814619089635661,NA,0.814619089635661,0,0.0445695864487267,NA,0.0445695864487267,0,0.012828419846732,NA,0.012828419846732,0,NA,NA,NA,1,0.0643052348980254,NA,0.0643052348980254,0,1,NA,1,0
